engine_id,damage,t_1,t_2,t_3,t_4,t_oil,p_oil,vibrations_2,vibrations_4,core_speed,fan_speed,thrust,number_flights,customer,engine_type,category
700000.0,38.0,22.4860128872,91.5798944512,594.895275459,807.741306137,70.1685933085,80.0605239418,0.328030009296,0.309313236442,104.917457596,87.2816396147,44913.2637969,4985,ACC,EX-50B,0
700002.0,33.0,22.8542437477,92.1296930653,595.45565726,810.711665039,70.224403501,79.9470963874,0.32815600664,0.307400061016,104.63746623,87.4264506428,44709.7135194,4038,ACC,EX-50B,0
700008.0,50.0,24.9981395488,94.9468227265,598.906123976,955.655544843,69.9165044724,79.8624986636,0.330264633207,0.306935767358,108.288366193,88.4557576612,50065.9794957,5571,ASI,EX-50B,1
700010.0,20.0,23.071995255,92.2346989334,595.421596784,797.266662048,70.0239210864,79.9882409383,0.327947336446,0.306120524774,103.362317486,85.1302031936,39326.6522185,5864,FAR,EX-50A,0
700011.0,15.0,23.2658432606,92.679340623,597.091130437,783.024126845,70.2167669251,80.0396841455,0.329768441191,0.309454055744,102.60088157,85.8715473832,38905.8624647,6207,FAR,EX-50A,0
700028.0,17.0,23.1105237963,92.3958700353,596.747299589,806.107712539,70.0386143775,80.2764560344,0.326337723542,0.311179009206,105.404576274,87.4997400505,45265.0199989,4887,ACC,EX-50B,0
700029.0,27.0,24.9162743034,94.8796022937,601.491765514,883.573854679,70.0972900008,80.1134228592,0.328435486692,0.30855826805,102.796997671,85.3593891642,45661.6651699,4721,SLA,EX-50B,0
700034.0,25.0,28.0706777805,99.339013146,606.404234146,810.470502911,69.9646966481,79.8531793458,0.327695186272,0.307253718199,105.187211346,87.3979840709,41291.3133689,4763,DME,EX-50A,0
700042.0,33.0,23.4668270448,92.6521190134,597.726485402,808.165490521,69.7052540407,79.4711449243,0.332252011461,0.30816766759,105.18225692,86.7526357523,45467.1389222,3620,ACC,EX-50B,0
700049.0,40.0,24.9102365055,94.8148827641,599.571453443,892.862542707,69.7636391026,79.8570556753,0.328811459581,0.307700484604,103.24893513,85.4456834276,46345.0883258,5679,SLA,EX-50B,0
700059.0,27.0,22.8589072497,91.7142978998,594.676684126,814.01087956,69.7190238254,80.0452107889,0.327972856651,0.308939076663,104.87604205,87.0174241211,45304.2621534,2797,ACC,EX-50B,0
700065.0,73.0,28.1104543492,99.4508608894,606.801940151,857.540688586,70.2336931095,80.126512998,0.32970383284,0.309977282565,109.8847129,91.0670299315,44095.7374141,5285,DME,EX-50A,1
700080.0,62.0,24.6434735256,94.5907130722,598.954534612,956.430012703,70.1664290367,79.9328883089,0.328748789186,0.308437907605,108.829425825,89.0275963651,50275.0324455,4842,ASI,EX-50B,1
700085.0,16.0,24.6035926097,94.3791321913,599.73947815,888.898928276,69.7089034626,80.0371766832,0.329981325246,0.307149949809,103.041211303,85.438728417,46402.3480234,3509,SLA,EX-50B,0
700086.0,71.0,24.9803286012,94.9327248775,599.232259337,947.174677587,70.0731269644,79.6876238878,0.329699391322,0.303990583776,107.518719675,89.290761825,49576.983392,5644,ASI,EX-50B,1
700087.0,25.0,23.3145114706,92.6899063479,597.064665292,793.688242322,69.9176015275,79.9353005531,0.325164422762,0.307042834414,103.381909516,85.821119893,39236.1263591,4922,FAR,EX-50A,0
700091.0,36.0,25.6375553312,95.9778812466,602.347672902,955.447264047,69.9226851335,79.7531130666,0.329618366516,0.31018556822,104.427275383,86.6269464083,48072.2647851,3293,ASI,EX-50B,0
700107.0,26.0,22.860558076,92.0284808662,596.082234418,790.191122063,70.0174264878,79.9240153234,0.331511238741,0.308399764141,103.420658827,85.9707997839,39428.9950379,3712,FAR,EX-50A,0
700108.0,20.0,22.7959342702,91.9606396817,595.974714939,821.10312177,70.0575888266,80.0217994881,0.326027379601,0.311864449696,104.783889377,86.517824965,44776.5964165,4479,ACC,EX-50B,0
700119.0,62.0,28.4025203956,99.8435298768,606.465295725,870.241393749,70.2134545175,80.0809710891,0.330759115292,0.311196736225,110.814332736,92.369718732,44308.1293757,4979,DME,EX-50A,1
700133.0,18.0,24.9764042704,94.9723615143,599.688016281,884.354698241,70.0455215496,80.0796369364,0.32653101229,0.307951888118,103.172541342,85.7928742595,46660.8146303,4375,SLA,EX-50B,0
700135.0,14.0,28.4094891208,99.9298573929,608.408663177,811.374843337,69.9392425842,79.8407003712,0.326421491135,0.307265723589,105.861383307,87.7647715438,41054.7391025,3420,DME,EX-50A,0
700141.0,18.0,22.3431964179,91.309130002,594.408499598,813.348832345,70.0959524863,79.9453792536,0.330931144797,0.310822236508,105.101770629,87.2390586929,45259.238178,3569,ACC,EX-50B,0
700143.0,25.0,22.9170022405,92.0324556254,596.392013713,803.620443938,69.7295865358,80.1141332452,0.325805580186,0.31221856516,104.698730238,87.4510187239,44532.0216832,5664,ACC,EX-50B,0
700146.0,27.0,22.4045371845,91.3434013318,595.034971708,805.602536299,70.1029921964,79.601534199,0.328287781957,0.308400875811,104.635818227,87.0063830118,44975.6593801,5147,ACC,EX-50B,0
700150.0,21.0,22.978768719,92.3815568252,595.879155312,797.370031709,70.1724058747,79.9825867335,0.326217503233,0.308713052897,103.30298676,85.2658558638,39324.4521041,4041,FAR,EX-50A,0
700162.0,66.0,24.6453854623,94.5681474847,599.108851679,953.702203442,70.2333959017,80.1797172326,0.330704885446,0.307430020388,108.191904617,89.228495564,50152.9076086,5236,ASI,EX-50B,1
700170.0,17.0,25.1055192171,95.192326617,601.352752784,948.026739379,69.8263986792,79.9393165896,0.330259676786,0.310424008834,104.37404084,86.5930877673,48163.884673,6546,ASI,EX-50B,0
700172.0,26.0,23.2315188548,92.6806474533,597.910467051,789.733723963,70.0700863984,80.3117964439,0.332210830932,0.308931474333,103.366689981,85.6933658467,39281.6148092,4629,FAR,EX-50A,0
700176.0,25.0,22.6952649094,91.9899827019,596.154888985,798.411135239,69.9160679558,79.9350516821,0.328746116787,0.306575208268,105.494276854,87.4127363468,45315.6905054,5193,ACC,EX-50B,0
700185.0,4.0,24.9204536696,94.9435683627,600.221748281,893.036061226,70.0131676101,79.9106644719,0.326645097596,0.305712779692,103.001178126,85.5780053881,45989.3712926,5543,SLA,EX-50B,0
700187.0,16.0,22.581752122,91.300883475,594.311751364,802.127267227,69.6451681066,79.8168523096,0.326780296766,0.308124346799,104.753213509,87.6378382988,44634.9076235,4872,ACC,EX-50B,0
700190.0,18.0,22.7149472389,91.5720283305,595.727536248,789.433876701,69.9001512209,80.2289640689,0.329183680191,0.309308745133,103.483490141,86.1183563841,39365.2621151,4488,FAR,EX-50A,0
700191.0,27.0,23.02607971,92.3867944935,597.111472825,788.754963602,70.24420646,79.8252716716,0.322912632231,0.306604926519,103.423207265,85.850078408,39143.4220771,4149,FAR,EX-50A,0
700192.0,34.0,27.8492043341,98.9201184764,605.501853758,806.711433815,69.9741712177,79.8499360844,0.327289800287,0.308449778689,104.857761474,87.0167930907,40874.379619,2829,DME,EX-50A,0
700199.0,27.0,25.6001276687,95.848551378,601.517328945,958.733956526,70.0013738211,79.7036685867,0.329307334036,0.310842663957,104.995317966,86.8413648378,48416.5446582,3265,ASI,EX-50B,0
700201.0,24.0,24.9434937658,95.0106492889,600.413762021,885.928044106,70.0520363064,79.9943719938,0.329998037426,0.308283525967,102.88313796,85.333692394,45962.9876104,5113,SLA,EX-50B,0
700205.0,18.0,24.7964507332,94.9771558624,601.612142058,895.734831235,70.1614874646,80.0528284772,0.330413212617,0.309648822295,103.445135572,85.3673678367,47254.0549262,4034,SLA,EX-50B,0
700207.0,38.0,22.8128354659,91.953577933,594.631995893,792.659642946,69.9377226352,80.2127941943,0.324534118224,0.307706278206,103.170525866,86.2862896665,39238.3254946,5036,FAR,EX-50A,0
700230.0,14.0,24.9665601653,95.0154969797,600.515412433,888.70137606,69.949831008,80.3099315174,0.327997880748,0.310104632641,103.166315057,85.4951983057,46683.6614249,4437,SLA,EX-50B,0
700234.0,22.0,24.9776324691,95.0133793692,600.788189333,895.02535897,70.0019572532,79.8428206604,0.324333056988,0.310330261028,103.186534491,85.5084094729,45903.7627498,4278,SLA,EX-50B,0
700236.0,32.0,25.2760067257,95.2955954915,600.259348218,887.641351594,69.9185799744,80.0672814648,0.326049154947,0.301437276112,103.342848279,85.4949729332,47045.2636671,4937,SLA,EX-50B,0
700243.0,30.0,24.825650629,94.4159310113,598.437477213,894.204751887,69.5870569214,80.1166690532,0.327372257226,0.308766828796,102.978601839,85.3788571655,46325.6779027,3439,SLA,EX-50B,0
700249.0,30.0,25.3779789101,95.6955260853,601.886083431,936.739793721,69.9840235465,79.7536999509,0.325113802679,0.307653244908,104.047694553,85.5609062962,47957.4857093,5128,ASI,EX-50B,0
700251.0,24.0,25.0869215242,95.1640597338,598.91374344,898.368597054,70.2233585798,80.0918817881,0.327386629077,0.310225653573,103.195130551,85.2613227093,46684.0045318,5137,SLA,EX-50B,0
700268.0,31.0,24.7302026886,94.8574866581,601.564394469,935.767918636,70.0277189297,79.7486650172,0.325840075502,0.307294256372,104.307234144,86.4730341294,48078.1426127,5407,ASI,EX-50B,0
700272.0,11.0,24.325651594,93.8403068617,598.054932961,925.619420862,69.7070258901,79.9949499039,0.324670959565,0.310130774977,103.791353489,85.771530122,48064.5835428,3486,ASI,EX-50B,0
700274.0,66.0,25.3187313698,95.4267196763,601.151475376,948.63040749,69.8909622169,80.2104569427,0.329976020397,0.30875528301,108.622971351,89.8525598948,50471.0701125,4608,ASI,EX-50B,1
700286.0,23.0,28.6189720217,100.114873821,608.657182579,807.980732599,69.9393619556,80.0307645969,0.327962759185,0.305059634174,105.236613852,86.7257609988,41187.6338564,4976,DME,EX-50A,0
700289.0,35.0,27.7620792535,98.9303678158,606.067680532,803.010087954,70.0548044368,79.2898254981,0.325845034294,0.306428920327,104.250488812,87.0097910796,40536.182089,4107,DME,EX-50A,0
700291.0,41.0,23.3023630741,92.7439611678,596.307243123,790.087775826,69.9541787857,79.7430235876,0.329877982038,0.307107351586,103.172937502,85.6392385775,39329.3587724,4826,FAR,EX-50A,0
700292.0,15.0,23.2649457554,92.5740256341,596.668376749,802.248042652,69.8679581449,80.0200082664,0.331439639678,0.309808701275,104.34056221,87.5305719117,44564.6060835,4497,ACC,EX-50B,0
700306.0,17.0,24.8735955729,95.1737838331,600.457035357,887.733579754,69.9724610852,79.8957909101,0.331861982958,0.309827812146,102.803031879,85.5470031772,45523.0629526,2451,SLA,EX-50B,0
700311.0,13.0,22.7994479874,91.9849152417,597.063694639,787.01784681,69.9246268457,80.1324504464,0.329779742787,0.306838926601,103.457656502,85.5239617458,39517.8485003,5136,FAR,EX-50A,0
700318.0,28.0,25.2928938307,95.4034644086,600.798310565,898.323939935,70.0380663715,80.1889172272,0.331942572986,0.311435189221,103.376387959,85.0139821059,47005.3217619,2362,SLA,EX-50B,0
700321.0,71.0,27.9962491285,99.1185650547,605.550302304,864.108984723,69.9498175462,79.8152866907,0.33218052048,0.308257105828,110.105454423,91.8129983284,44177.984149,5107,DME,EX-50A,1
700325.0,65.0,27.55598695,98.5560871332,605.79842277,867.533910355,70.0379511191,79.4876764745,0.327914043657,0.311000993915,110.472137566,91.7084124922,44181.4404091,4096,DME,EX-50A,1
700330.0,27.0,22.6459282211,91.6509648764,596.17478179,784.13197875,69.759162342,80.0673272793,0.329463999861,0.307344579004,102.922050695,85.8735228093,39074.3644143,4926,FAR,EX-50A,0
700332.0,68.0,27.7486395456,98.7244717463,604.807289137,854.226561832,70.0031287726,79.8166909643,0.32490988742,0.305880029501,110.415802438,91.879356568,44238.6281841,4051,DME,EX-50A,1
700335.0,22.0,25.0255009494,95.2910067093,599.364258697,880.207486353,70.1532615477,80.2569442493,0.32738283786,0.311971572617,103.029208063,85.5311280927,46238.0244045,3952,SLA,EX-50B,0
700337.0,22.0,24.8392412669,94.6900051992,600.501981661,895.004441896,69.8819431035,80.3559775822,0.328096679332,0.303907658364,103.247640791,85.8802255286,46746.6483281,4033,SLA,EX-50B,0
700338.0,26.0,22.9930866528,92.2254495343,596.869393538,806.810005832,70.0597757788,79.7612831193,0.32452709355,0.309009820526,104.721969834,87.459337103,44749.3347908,4613,ACC,EX-50B,0
700348.0,31.0,24.6259835969,94.2760274453,598.168621661,885.061426914,70.0434260397,79.6730109131,0.332256854235,0.307185811501,102.978661063,85.2547998954,46169.7014682,3979,SLA,EX-50B,0
700349.0,16.0,25.3518165636,95.7404871964,601.810524065,921.694694546,69.8446778298,79.8767670266,0.324286763361,0.308547079679,103.253010711,86.7541253249,47758.4585076,3153,ASI,EX-50B,0
700375.0,37.0,22.8973668141,92.1417570179,595.391618847,795.44389447,70.1591744871,80.3061658658,0.332502984606,0.310306627576,103.998849169,85.6274254968,39880.4568229,3935,FAR,EX-50A,0
700377.0,76.0,25.2821612166,95.5380737375,601.099676317,954.729818575,69.8956939997,79.9852715504,0.330934073778,0.309520915892,108.942015697,89.6868509972,50569.8505294,4286,ASI,EX-50B,1
700381.0,65.0,28.173614762,99.4754676402,606.708465663,865.298969848,69.8706825783,80.3904883363,0.329394820803,0.307577403151,110.166323489,92.042838909,44227.2849922,4329,DME,EX-50A,1
700384.0,61.0,25.0894389467,95.0351046907,599.902822129,949.653135156,70.0342373091,80.1501659554,0.326774681756,0.307348861388,107.981389366,90.0198827255,50164.7885182,4171,ASI,EX-50B,1
700386.0,31.0,24.9279965874,94.800383485,599.173368056,895.514150329,70.0368718876,79.6700932811,0.328538685008,0.307888648967,103.573032735,85.6320069197,47491.7797994,5648,SLA,EX-50B,0
700389.0,82.0,25.1818915546,95.4469325362,601.119940052,960.177053962,70.0006503276,79.7997720477,0.328145222272,0.30422097297,108.520548264,89.3668273021,50289.5147128,4587,ASI,EX-50B,1
700393.0,27.0,28.0553488396,99.2901655274,606.443386195,816.939377929,69.9654483665,79.9238177368,0.329508415814,0.310340747556,105.49180155,86.9575378345,40914.0772425,3057,DME,EX-50A,0
700397.0,33.0,23.0415901441,92.2603369971,596.552175621,787.22165397,69.8541500264,80.2859761466,0.326898961259,0.307537679189,103.433347673,86.1582754675,39214.1366447,5866,FAR,EX-50A,0
700400.0,28.0,25.2404288964,95.2586922875,600.630546778,887.22570324,69.8276159697,80.1884596595,0.326397592395,0.307414020932,102.924720124,85.6007194137,46242.0594968,5753,SLA,EX-50B,0
700411.0,32.0,23.077616712,92.4143565943,596.237666754,789.117793215,70.149786236,80.0998454933,0.324242208965,0.310523239535,103.297088722,85.6907587721,39392.1652425,5809,FAR,EX-50A,0
700415.0,17.0,27.6577526051,98.8149024155,606.185807883,819.769877931,70.2492032273,79.9940004072,0.327576418975,0.311864194517,106.028378928,87.5039703171,41200.4118911,3399,DME,EX-50A,0
700416.0,28.0,23.5231674161,93.0156185234,596.793998856,784.119538206,70.1983810074,79.8845684975,0.326551573403,0.305869607385,103.189342461,86.0452940224,39103.8135053,3718,FAR,EX-50A,0
700417.0,23.0,22.6515142217,91.8646203011,596.613272165,801.563285084,70.0246059009,80.1807490451,0.33242305778,0.31070501205,103.986988911,86.0111292321,39562.8561884,4957,FAR,EX-50A,0
700424.0,66.0,27.9846902126,99.100260621,606.331113334,869.264303202,69.7546694,80.1194867842,0.32978191594,0.308766519196,111.067904019,91.6286238631,44699.0034279,4774,DME,EX-50A,1
700428.0,44.0,22.8050352306,91.7489860302,594.996961912,817.168126983,69.8677901988,79.9806706427,0.329498885347,0.310784241154,105.795205304,87.4478889179,45396.7184018,2372,ACC,EX-50B,0
700430.0,20.0,22.8911651331,91.9845173156,594.529432071,793.626010201,70.098136217,79.9974772328,0.325848146504,0.30896061991,103.253159074,86.5046210436,39278.7938216,3769,FAR,EX-50A,0
700431.0,15.0,24.6908780488,94.6876549444,599.66451892,889.775775342,70.1420165526,79.8147163445,0.329273928307,0.305491219403,103.398501637,85.4681973046,46759.878755,5952,SLA,EX-50B,0
700434.0,27.0,24.3905685379,94.0291896955,598.756330205,931.671204446,69.9001659951,80.0014354441,0.326100659252,0.306650081419,104.400589307,86.5284305106,48163.5002868,3425,ASI,EX-50B,0
700435.0,24.0,24.8276820755,94.830998951,601.228027528,890.84549971,69.9575231279,79.9417726017,0.328609459666,0.30381356258,103.390460585,85.7167980436,46783.8399745,4300,SLA,EX-50B,0
700439.0,20.0,24.3463297675,93.8249263685,598.496498352,893.569905253,69.9049639969,80.1807867245,0.324228370623,0.306220669023,103.342583219,85.1074560631,47175.8294234,3247,SLA,EX-50B,0
700440.0,29.0,25.1499889335,94.9990065721,599.811438242,888.266651149,69.9384261172,80.2814514052,0.328196196128,0.309258099928,103.047904537,85.3219003141,46359.0446779,4904,SLA,EX-50B,0
700449.0,22.0,22.9392630723,92.1813606357,596.838818045,781.107331593,70.1578276967,80.0921124951,0.331289462988,0.309717432193,103.168544252,85.8402217044,39104.625803,4046,FAR,EX-50A,0
700454.0,30.0,24.5489971074,94.4236897867,598.423347531,883.460747526,69.9873549847,80.0545824447,0.334394911624,0.311240025768,103.076203474,85.4797094147,46711.0190853,5222,SLA,EX-50B,0
700470.0,18.0,24.9276239305,95.020804323,599.829817796,895.643181048,70.1700363206,80.0231835116,0.328552245058,0.311014638154,103.581483114,85.4909725483,47408.235402,5503,SLA,EX-50B,0
700475.0,31.0,25.4149817307,95.6022199832,600.72181245,890.773365148,69.9601489983,79.9111320792,0.325467271305,0.307677443368,103.342582311,85.7199797044,46864.6870391,4060,SLA,EX-50B,0
700477.0,72.0,25.0915021238,95.211147902,601.561707347,962.120205032,69.9571012822,79.730370976,0.324282773196,0.309327819893,109.071204173,90.2054242965,50714.5168779,5816,ASI,EX-50B,1
700482.0,29.0,23.0363343191,91.9981884691,595.247552366,815.129814414,69.8762160717,80.3735707998,0.324422125604,0.302542207639,104.734665304,87.4310230287,44849.3770345,2397,ACC,EX-50B,0
700483.0,23.0,22.6823876705,91.7511146015,595.780153293,777.277187204,69.7932286767,80.032257968,0.325858894085,0.30822671667,102.893772942,86.3942040682,39244.9912226,5073,FAR,EX-50A,0
700488.0,65.0,25.3371724377,95.5648166351,599.842620372,960.55384856,70.1302084121,80.3553970114,0.324323079783,0.308288417973,108.15797768,89.0808530216,49973.8526379,5107,ASI,EX-50B,1
700498.0,21.0,24.8912342997,94.7496979843,600.919972486,899.264010682,69.9069461783,79.7353901601,0.32838218297,0.304973392678,103.487181914,85.5712899459,46851.790638,4354,SLA,EX-50B,0
700500.0,22.0,23.0453099449,92.2911793049,596.310948131,797.289747214,70.018373703,79.9462260807,0.327545326079,0.308942128321,103.251582305,85.6765633996,39220.4518886,5770,FAR,EX-50A,0
700503.0,29.0,25.5218558448,95.9303759146,601.07285893,935.758965807,70.2534977207,79.8968730609,0.327917890913,0.307402338957,104.1650169,85.7920369862,48001.707758,5031,ASI,EX-50B,0
700504.0,57.0,27.8806264078,98.7950727627,604.499831777,861.036110906,69.8945115187,80.1738837578,0.328115435337,0.309058406492,110.070900642,91.3664267325,44049.0716925,4334,DME,EX-50A,1
700507.0,38.0,25.2126876098,95.3671162526,600.140339704,942.708321208,70.1881098212,79.6884853531,0.325914784953,0.309818777005,103.794585117,86.0022169874,47852.0564679,4050,ASI,EX-50B,0
700508.0,41.0,23.1401635067,92.4441093036,595.678150245,784.848214851,69.9089072769,80.1993198325,0.327674643722,0.312814806623,103.237612696,86.1495054308,39299.4218605,4475,FAR,EX-50A,0
700516.0,29.0,24.9348326883,94.7294587692,599.324393517,895.250224836,69.75140266,79.9709473047,0.328871003376,0.312018519196,103.335500601,85.2978720802,46745.302279,4228,SLA,EX-50B,0
700519.0,22.0,25.3526070359,95.5607227883,601.492475614,887.832766828,69.9361320993,79.9329650992,0.326740012756,0.310338040763,102.782722831,85.2331790664,45688.3692561,3966,SLA,EX-50B,0
700520.0,28.0,28.3140862366,99.5720947699,606.138059437,809.593407909,69.9876931927,80.2740859709,0.32683091193,0.31003153063,104.790882091,86.9801613172,40859.2146916,4788,DME,EX-50A,0
700522.0,21.0,23.1415180339,92.5414066137,598.297263401,792.894139254,70.0365713845,80.2645772276,0.325726627755,0.306362403938,103.260937473,85.0123637009,39136.9670423,5945,FAR,EX-50A,0
700533.0,31.0,27.9094605244,99.0489620872,605.414595346,808.041462926,69.9000026802,79.6616386148,0.32567179351,0.312641785072,105.644946566,87.3753185407,41230.4549135,4579,DME,EX-50A,0
700536.0,25.0,25.1104930836,94.9555028262,599.188107216,887.02498184,69.8670554444,79.9389643448,0.325832024483,0.308240108675,103.152123024,85.1917506309,46345.1668546,6149,SLA,EX-50B,0
700537.0,32.0,24.5986591977,94.5895903475,600.263545232,938.465468417,70.015219785,79.7584326126,0.326347979302,0.304649608435,104.598179316,86.3972980406,48370.6688589,3985,ASI,EX-50B,0
700538.0,13.0,22.965130817,92.2526598643,596.785435842,799.00333307,70.1372719014,80.0322284982,0.324718501569,0.309936642288,104.037991862,85.3730273942,39923.3526562,4342,FAR,EX-50A,0
700539.0,14.0,23.2565988009,92.6544187384,597.529161363,788.933004478,70.1126850674,80.0827649079,0.327162356881,0.308016587258,103.346514133,85.6359311741,39352.55048,4920,FAR,EX-50A,0
700540.0,22.0,23.2616857806,92.6769167339,596.889913788,793.230692106,70.1571161215,80.0158051003,0.330652371314,0.309056234273,104.012000296,86.0222311571,39633.0017819,3196,FAR,EX-50A,0
700544.0,21.0,25.625271924,96.0288633905,603.021143075,943.787248498,69.8118826843,80.0056501776,0.329946837353,0.307282791606,104.660184313,85.7814946587,48402.7720535,3706,ASI,EX-50B,0
700546.0,35.0,22.9339533271,92.0950713034,596.324907348,813.056044734,70.1545503902,80.2185534702,0.332683001105,0.306818520729,104.831398458,87.7437192326,44528.6901229,3741,ACC,EX-50B,0
700556.0,25.0,23.1513765045,92.3764968489,596.381254054,790.583788097,69.8373292859,80.0422639683,0.327730185451,0.31066727163,103.164320565,85.1778805669,39196.9997618,3698,FAR,EX-50A,0
700557.0,20.0,24.956916789,94.9255687241,599.842001801,935.259081185,69.8058784248,79.7731696179,0.327655886411,0.304135045931,104.426900443,86.190078342,48043.9369754,4077,ASI,EX-50B,0
700560.0,29.0,23.5582905408,92.9515078923,596.431864826,793.612710831,69.9373740117,79.737746999,0.322728819756,0.30985312176,103.882568394,86.1041892598,39385.7996634,4771,FAR,EX-50A,0
700563.0,23.0,24.9996032878,94.9354591946,599.743444643,895.658645156,69.773980576,79.8638231753,0.325866225592,0.307585277589,103.503194345,85.5665443363,47020.0372351,4516,SLA,EX-50B,0
700568.0,34.0,23.3855476715,92.9485222985,598.950452738,794.011002059,70.0270170427,80.0376050525,0.326157348003,0.307573877555,103.315207451,86.7160651314,39287.4101985,3829,FAR,EX-50A,0
700573.0,31.0,25.1344221492,95.1849505205,599.2887334,883.384504195,69.8867713474,79.6280382917,0.326313513897,0.311026419357,102.796637585,85.3592307449,45820.6031764,4477,SLA,EX-50B,0
700576.0,22.0,24.7857323247,94.6877522022,599.152481815,889.156992981,70.118956712,80.124604682,0.327413192886,0.305931298204,102.936735067,85.7672144199,45971.2053999,4493,SLA,EX-50B,0
700583.0,28.0,22.6860216569,91.4697337349,593.289706157,779.805241304,69.9531708165,80.199355393,0.325861393354,0.308487752656,102.632598474,85.8625182175,39122.1589518,4158,FAR,EX-50A,0
700585.0,36.0,27.7202215417,98.7119589382,605.013146674,805.671439605,69.8903704155,79.787441042,0.329039289745,0.309512875917,105.209665979,87.840915134,41073.2648429,4004,DME,EX-50A,0
700586.0,24.0,22.6543766966,91.8878420881,594.936515138,789.004164222,70.0269852712,80.0938642043,0.327939666454,0.310121533562,103.136891936,85.5741069889,39422.4519178,5006,FAR,EX-50A,0
700596.0,26.0,27.664129947,98.9348026972,606.897063472,809.490408545,69.9411704035,79.7025682399,0.327968948347,0.308469915272,105.240881948,87.1123068075,40966.9735455,3970,DME,EX-50A,0
700603.0,32.0,23.2760511321,92.5810353773,596.748595018,815.154711427,69.9992080971,80.2334925804,0.3325196918,0.310540311764,104.563533861,86.7184864531,44639.5083419,5125,ACC,EX-50B,0
700604.0,53.0,27.9331470432,98.9549682393,605.12927432,859.598783147,69.9065557064,79.9310299663,0.330669371478,0.308726530995,110.890342019,92.3567234306,44056.6888855,4379,DME,EX-50A,1
700611.0,26.0,22.8254667194,91.6951610862,594.198228236,815.259451009,69.9354443493,80.1727540059,0.331346691335,0.304928393898,105.241468637,86.9386361185,45183.3269768,5612,ACC,EX-50B,0
700612.0,25.0,27.8679886057,99.0759355302,606.373908252,810.027625141,70.0763780737,79.3138211824,0.328261268427,0.307240003261,104.347057726,87.2988717681,40629.4964157,2290,DME,EX-50A,0
700615.0,27.0,22.5524179899,91.7843028582,597.54789876,796.331155204,70.0030372466,79.9239536454,0.321598374417,0.305622890313,103.583313024,86.0985925044,39647.672361,5120,FAR,EX-50A,0
700618.0,29.0,23.3300070906,92.8634946129,598.499570269,786.187410593,70.0392310493,80.2631560423,0.328162330376,0.307807468625,103.027272913,85.726253467,39260.5238061,3975,FAR,EX-50A,0
700624.0,71.0,24.6768834536,94.418258914,598.589670192,955.433725778,69.9808291225,79.8184682015,0.327527988945,0.306886177648,107.921865681,89.5374552226,49660.0599406,6103,ASI,EX-50B,1
700629.0,61.0,28.1309091385,99.2524199291,606.631139181,861.989316865,69.818384234,80.2821945781,0.327432223108,0.30561606197,110.597021441,91.1979219341,44121.9067576,5465,DME,EX-50A,1
700636.0,23.0,24.9029153005,94.9374313343,599.735416154,890.180611219,69.762498681,80.4837848578,0.330368981496,0.312233068622,102.949311473,85.3055188844,46045.5412988,3521,SLA,EX-50B,0
700640.0,24.0,23.2996937804,92.3946951351,595.730977336,792.2696427,70.0355925703,80.5420014716,0.330543944841,0.307350500265,103.901794402,85.3360178407,39535.9326591,3131,FAR,EX-50A,0
700641.0,34.0,23.3935879133,92.7714489072,595.623178898,797.651455974,70.2042750423,79.8935927347,0.327258607813,0.31036422352,103.534835628,86.1611981224,39280.3045928,5258,FAR,EX-50A,0
700642.0,24.0,23.4388957176,92.818612263,597.389899035,804.369458946,69.7959974088,80.2005792094,0.327179991681,0.305970168497,104.278974302,87.7097085093,44486.3392024,3643,ACC,EX-50B,0
700650.0,20.0,28.004132069,99.2330963253,605.776839599,814.145758612,70.0913926128,80.0995343307,0.32576721067,0.310622775683,105.017893061,87.2235751011,40876.9935165,4822,DME,EX-50A,0
700651.0,38.0,23.3407751202,92.3098024458,595.063453357,780.845008637,69.6226455237,79.9410948735,0.325193219099,0.313675535193,102.683787657,85.0139304401,39083.348595,3362,FAR,EX-50A,0
700656.0,34.0,25.5812757652,95.890494798,600.839660848,944.039792847,70.3437254629,79.9052717532,0.331358534783,0.312293976356,104.27439637,87.2758367717,48084.9900284,3528,ASI,EX-50B,0
700664.0,30.0,24.8205364782,94.8861401281,601.335301497,929.749711348,70.4221833981,79.9552583886,0.32994814486,0.311381978571,103.37532884,87.1334267081,47718.9090789,3673,ASI,EX-50B,0
700669.0,31.0,25.0340985064,95.0954374086,600.195328137,883.403541003,70.1341942429,80.058155198,0.327971764366,0.306469391864,102.921460868,85.3131751621,45973.7701238,5648,SLA,EX-50B,0
700674.0,23.0,23.2493878592,92.6241298665,597.317834785,820.630572834,70.0384572667,80.2648875542,0.330833642793,0.308512745068,105.391465648,87.1338456687,45461.2785425,5927,ACC,EX-50B,0
700675.0,22.0,22.7469548185,92.180172047,596.087623401,797.561409345,70.2273744581,80.4109619846,0.327051659309,0.306907252771,103.732162128,85.6457790512,39645.3042689,3590,FAR,EX-50A,0
700678.0,26.0,24.9586055711,94.9779076273,600.677341661,893.291152277,69.8836843533,79.9451395849,0.326928031498,0.309879236779,103.303559312,85.1665930282,46876.3022072,4177,SLA,EX-50B,0
700685.0,15.0,27.6922617088,98.6069135699,603.434553931,806.0892582,70.1135251632,80.4564834561,0.329242961506,0.311713713976,104.5729629,87.111900228,40936.5813487,3083,DME,EX-50A,0
700688.0,17.0,22.7595862052,92.3731361572,597.750847444,819.102357037,70.1209509511,80.0964962206,0.325867658702,0.306483224878,104.949246931,87.245204201,44682.4033108,3283,ACC,EX-50B,0
700689.0,28.0,23.0842168783,92.6036427402,598.25728859,779.245658636,69.9794553532,80.2042145377,0.328821717047,0.306924777178,103.299095907,85.1515825462,39284.6785257,4544,FAR,EX-50A,0
700697.0,30.0,23.2399275509,92.7211892301,595.757433548,815.944511568,70.0232270832,80.3933145413,0.331463659296,0.307219416272,105.055884455,87.0034126209,45345.4588512,4527,ACC,EX-50B,0
700700.0,68.0,24.5897467764,94.476275548,599.476184811,963.518907975,70.0500225601,79.8379128763,0.325980836193,0.304053938698,108.284713459,89.1121227513,50094.3866809,5045,ASI,EX-50B,1
700706.0,83.0,27.9893889458,99.1250385197,605.216219814,864.539619286,69.9286474787,79.7919424156,0.329423150665,0.30653203957,110.399790737,91.4207780456,44306.5053322,5462,DME,EX-50A,1
700710.0,23.0,23.1180006529,92.5833044757,597.618002525,787.858804301,70.1433678423,80.0462575376,0.328063012359,0.310816531116,102.893330668,85.4865942373,39044.9055779,4578,FAR,EX-50A,0
700725.0,25.0,22.7334684757,92.0835846449,596.49959392,812.835156397,70.1667873664,80.0676198019,0.327774020603,0.312122085471,104.884553948,87.795345952,44722.3762746,3361,ACC,EX-50B,0
700727.0,28.0,23.0991758022,92.297817636,596.506079818,788.999027865,69.8452489191,80.0153318878,0.32214432012,0.308872041986,102.942844436,85.5949070236,39077.9076645,3997,FAR,EX-50A,0
700731.0,30.0,24.913249303,95.2966773992,601.098337466,934.072746963,70.156099812,79.9191923373,0.327765589421,0.311530572585,103.990462421,85.7611549415,47944.1424678,4565,ASI,EX-50B,0
700735.0,28.0,23.0694704799,92.2518017344,596.093442611,794.225257407,69.9949833964,80.0461141488,0.32341779835,0.310470710294,103.149424955,86.0992740569,39070.3090498,4144,FAR,EX-50A,0
700737.0,68.0,27.2306314231,97.793626591,602.685347378,869.574099717,69.9752641469,79.7301359864,0.326231765358,0.307617856002,110.337252518,92.3670425514,44251.7039087,4962,DME,EX-50A,1
700742.0,31.0,28.3555653259,99.4435849816,607.082108854,806.025678072,69.8539427766,79.8164132244,0.330703261391,0.309763492279,104.58106654,86.6167105735,40777.6587709,3333,DME,EX-50A,0
700747.0,33.0,24.5819515981,94.430692628,598.667090937,938.565745447,70.3120947871,79.7075286333,0.323850132308,0.308663249847,104.520811742,85.7255495188,48093.7209094,1947,ASI,EX-50B,0
700751.0,24.0,25.1105164713,95.2074138669,599.95919687,923.648316044,70.0905377577,80.3361203924,0.331570432081,0.310612488157,103.441216516,86.4035611552,47782.0022465,3821,ASI,EX-50B,0
700754.0,67.0,28.162002712,99.5616219594,606.919931075,860.463692401,70.168285225,79.9516684982,0.326204758196,0.309316420824,110.790701694,91.3011013862,44537.2548998,4823,DME,EX-50A,1
700763.0,23.0,23.128179982,92.3334394576,595.25785068,786.699274246,70.0817838405,80.2343159962,0.326366827574,0.306944886496,103.344251272,85.2966565247,39560.9769146,5925,FAR,EX-50A,0
700770.0,38.0,27.7678071186,98.8512232796,605.366527562,808.08286122,69.9938620901,79.981110953,0.326718586194,0.308267524819,104.957504755,87.5904682533,41210.3173638,4647,DME,EX-50A,0
700776.0,26.0,24.8797096718,94.7733469551,601.086322106,887.610776259,69.9424757622,79.9944696336,0.327697841726,0.313260149436,102.947631736,85.6041558874,46395.4849216,5125,SLA,EX-50B,0
700784.0,19.0,24.9370531966,95.0725319921,600.381285525,886.842659068,70.0107807108,79.8991691111,0.332726821678,0.30909557533,103.033764178,85.3405690659,46744.8406194,3123,SLA,EX-50B,0
700790.0,23.0,22.7321428327,91.9311737374,595.673772905,789.468766428,70.0096523858,80.064055727,0.32671283144,0.309947091556,103.631400017,85.609315399,39367.8021005,4445,FAR,EX-50A,0
700796.0,28.0,28.3995117726,99.6203870931,605.499493948,810.266855182,70.037819939,80.0290140127,0.324131797067,0.310663906408,105.349222476,87.2944713772,41319.2811644,3700,DME,EX-50A,0
700798.0,26.0,22.552567666,91.6009274554,595.698593598,781.61825629,70.1534011891,80.0586051004,0.323512624053,0.311802999402,103.087094415,85.8624665171,39101.6247443,3009,FAR,EX-50A,0
700801.0,22.0,23.1437236709,92.5505677188,596.181027296,816.359879259,70.263580206,80.1645119931,0.329680437511,0.310345958968,104.596048112,86.8281459472,44672.8493601,4010,ACC,EX-50B,0
700802.0,10.0,24.376055355,93.9949497327,597.772149331,877.409964681,70.2511209871,79.5997393031,0.33152052043,0.307546637757,102.639758979,85.0000100373,45684.7494773,3839,SLA,EX-50B,0
700831.0,59.0,27.8492296923,98.8757103672,606.935676121,855.480800613,69.6956764966,79.4634149033,0.332003218267,0.305317151105,109.996151173,91.0200982744,44134.4799265,4059,DME,EX-50A,1
700834.0,55.0,28.401124643,99.7790273845,606.765588379,851.009558074,69.8636695454,79.9929756049,0.330979454388,0.307460041632,110.342655544,92.178813795,44292.5736401,5076,DME,EX-50A,1
700850.0,9.0,22.929891695,91.930285794,595.917038261,808.157747194,69.8592216558,80.11630534,0.330314390972,0.30766837203,104.752549374,87.3455338128,45088.3072708,5067,ACC,EX-50B,0
700853.0,26.0,28.1952675059,99.8319930745,607.951898946,806.134363065,70.1721584503,80.2203267142,0.330765169475,0.306979045665,105.008978368,87.389894838,40993.7983055,3865,DME,EX-50A,0
700867.0,20.0,25.1624766715,95.5168713284,600.987517903,887.762842883,69.9836928973,80.2825746012,0.32859081991,0.307542231532,103.132550747,85.7916364059,46316.7186194,5686,SLA,EX-50B,0
700869.0,14.0,25.3550463087,95.5975898149,600.51429662,887.295888177,70.2774606944,79.8327425278,0.326415515254,0.306257808534,103.098736847,85.3185045046,46793.917312,3165,SLA,EX-50B,0
700873.0,21.0,24.7932123037,94.8921575654,600.969749071,936.992711985,69.9289868407,80.2524625645,0.329522630649,0.30849074239,104.021618422,86.6029777894,47979.4286846,4905,ASI,EX-50B,0
700875.0,20.0,25.3713978371,95.5202550346,601.929940674,891.615394803,69.9435693005,80.3507819389,0.32429162286,0.30638420349,103.276307958,85.379946421,46857.2666761,5122,SLA,EX-50B,0
700878.0,23.0,24.8840634847,94.9498377072,600.398023035,886.059919355,70.2448120932,79.5380349803,0.329083063436,0.311627337501,103.020218572,85.44369022,46138.6360598,4544,SLA,EX-50B,0
700882.0,55.0,24.9366766279,94.8179023638,599.636840976,955.307778031,69.9371017216,80.0088326895,0.328697600346,0.309214920925,108.187845507,90.0328813769,49998.2366575,5837,ASI,EX-50B,1
700883.0,38.0,28.2209126221,99.6285125995,606.81247567,814.315775966,70.0856449526,80.1336333624,0.329417239555,0.306941760514,104.789440274,87.08434472,40914.061749,4630,DME,EX-50A,0
700888.0,14.0,25.0292520135,95.0731820915,599.709652084,938.043624452,70.1503553965,80.6361335847,0.327393601417,0.310830480989,103.373994595,86.3330119807,47628.9860605,4272,ASI,EX-50B,0
700893.0,50.0,24.6700417732,94.5098373777,598.718399072,960.401803011,70.1328974834,80.2348257532,0.324767131487,0.304644721214,108.337069381,88.3583455611,49991.180183,4568,ASI,EX-50B,1
700895.0,19.0,27.6248980913,98.6471526478,603.497311319,807.496521794,70.2500746759,79.7623181007,0.328493088927,0.307532929531,104.544267523,87.233345763,40736.5657986,3265,DME,EX-50A,0
700896.0,27.0,23.1349767685,92.4121523293,596.062892197,789.026188724,69.9647537153,79.8987893636,0.325758518135,0.306738115838,103.327946927,86.1038637041,39099.3742621,4883,FAR,EX-50A,0
700898.0,18.0,25.0577713566,94.9944340643,599.338436508,922.832717599,70.1449245656,80.0232225459,0.330812549001,0.307563849226,104.338844822,86.6884535614,48039.8393014,3489,ASI,EX-50B,0
700901.0,30.0,23.655244635,93.1415860141,597.866396411,791.573774225,69.8960030411,80.1612998394,0.327525923405,0.303564893028,103.52662559,86.2888075845,39630.7695691,3360,FAR,EX-50A,0
700907.0,24.0,22.5906706748,91.8730245579,595.6864864,780.084318996,70.4669150131,79.9712236863,0.332464362663,0.313458917083,103.514320793,85.9800729565,39308.9747231,5110,FAR,EX-50A,0
700909.0,32.0,22.792110725,91.9848824579,596.550172372,790.966653277,69.9272852774,79.6728055738,0.330509328818,0.305642252023,103.58547427,86.171893292,39146.9083503,4038,FAR,EX-50A,0
700917.0,15.0,22.7870921631,92.2002552378,596.690580685,812.783377084,70.1666892783,80.1511474104,0.328484933593,0.31403094551,105.21393193,86.9370071767,45083.9075973,4146,ACC,EX-50B,0
700920.0,23.0,28.1817936049,99.6140054991,606.78396983,809.565513019,70.0535548212,80.2298552183,0.327457983322,0.30862297279,105.375812007,87.1892967306,40990.074081,7075,DME,EX-50A,0
700921.0,34.0,24.8160432589,94.7441779693,599.613345808,936.628405287,69.8557929171,79.6665191791,0.324934651029,0.308809737826,103.993534478,86.1133599746,48038.5562995,5100,ASI,EX-50B,0
700936.0,31.0,23.2271359628,92.6853507621,596.567933694,807.227262866,70.1043989471,80.2487133235,0.324883315532,0.308734957938,104.992912723,87.1825784177,44683.648159,6179,ACC,EX-50B,0
700940.0,26.0,24.6449377631,94.4605554587,599.665860708,934.814823133,69.8100021852,80.2410277331,0.327013351391,0.307724126721,104.426583789,86.0076935226,48148.4059631,4624,ASI,EX-50B,0
700943.0,34.0,22.9510129955,92.1875955806,597.62940225,813.688922264,69.7777462927,80.0764600287,0.327176877522,0.310780854157,104.901059665,87.7524562275,44914.9040566,5498,ACC,EX-50B,0
700945.0,28.0,23.2704142589,92.6210848061,596.045170553,814.797681919,70.2016310392,79.8610029237,0.326932168543,0.307106919336,104.744336481,86.4922432577,44714.414874,4823,ACC,EX-50B,0
700952.0,18.0,23.1416910143,92.4074451918,595.825003138,792.994725866,70.0884583467,80.2353267824,0.328069593417,0.310707651742,102.944666275,85.778903838,38897.8451934,4258,FAR,EX-50A,0
700955.0,37.0,23.3916319511,92.7361325644,596.866692205,799.390485547,69.8826540065,80.0533892888,0.327485111173,0.310918879344,104.442941893,87.3270658121,44821.2541785,3600,ACC,EX-50B,0
700959.0,23.0,22.8691812543,91.9815583461,595.806554382,800.508880503,69.9632493372,80.1510149597,0.328363227034,0.310475380903,103.94057644,85.7159122157,39527.9976123,4545,FAR,EX-50A,0
700966.0,66.0,28.1123452122,99.719596913,607.581180736,865.628180519,70.1672316512,80.1779430953,0.329792752105,0.307505432321,110.081485405,90.4116687066,44108.6868214,4127,DME,EX-50A,1
700968.0,37.0,24.7768423253,94.8733496607,600.430532298,893.231149641,69.7906344808,80.199422639,0.327149057988,0.308811060693,103.238998759,85.6380232538,46739.0443572,5389,SLA,EX-50B,0
700972.0,18.0,23.1307740407,92.3421529477,595.567541588,806.128992518,70.0263340868,79.6432580597,0.331290842495,0.310352241765,104.863671805,88.1021571782,44845.7122184,4355,ACC,EX-50B,0
700973.0,60.0,28.0461385697,99.2923248864,606.122854847,862.067169989,69.9963895029,79.889322598,0.329720156729,0.306811285109,110.173376161,92.2777231691,44225.4504681,4962,DME,EX-50A,1
700977.0,30.0,25.3278846761,95.5840189936,600.510976382,890.441070206,69.9281083556,79.9923106672,0.326327458078,0.310237998313,103.40621715,85.6133682279,47043.6362828,6339,SLA,EX-50B,0
700984.0,29.0,27.6397327957,98.5159541973,604.475609872,809.459529859,69.9152093208,79.770080478,0.327207003851,0.308478874411,105.120389974,87.8218776688,41350.6047674,3738,DME,EX-50A,0
700986.0,72.0,24.588265885,94.5511800985,600.933218649,972.493164321,70.0038443245,79.9493903136,0.326990371051,0.30766186997,108.992146569,89.3545711545,50612.4265039,4928,ASI,EX-50B,1
700990.0,21.0,23.9001753924,92.9712156944,595.679729759,895.089708297,69.7465176562,79.8715033584,0.326824171485,0.303234843858,102.879526154,85.0324474445,46127.644217,2423,SLA,EX-50B,0
700992.0,26.0,22.5391499241,91.5202673322,595.167588586,806.978640627,70.2506625702,80.0494644042,0.325744926875,0.308066281711,104.144740849,86.5282576398,44410.7798423,5038,ACC,EX-50B,0
701002.0,26.0,23.1660540701,92.7188136972,597.112496839,794.991505391,69.8740859571,80.3265788778,0.327572317836,0.305547113634,103.388441295,86.1450283987,39616.4561134,4268,FAR,EX-50A,0
701005.0,22.0,25.0625469317,95.2919165626,601.044402076,889.672815009,69.8098724085,80.6042109779,0.331386940866,0.308603743402,103.133513165,85.4790606453,46353.0418755,4778,SLA,EX-50B,0
701010.0,64.0,28.0968352817,99.4997988556,606.125877199,861.093716518,70.124338745,79.7718286842,0.328637192103,0.309719844535,109.790262277,91.3305180618,44020.9261119,4626,DME,EX-50A,1
701011.0,17.0,24.6770820906,94.3746642358,599.335766864,936.158804995,69.7880753813,79.9920432017,0.324624236704,0.307342641057,104.965031225,86.062155513,48575.4692625,3949,ASI,EX-50B,0
701017.0,13.0,27.855189133,98.7993123717,605.451152635,815.53718401,69.7391887341,79.9696666446,0.330413031717,0.309329511788,105.909206087,87.0379586683,41325.3676481,4265,DME,EX-50A,0
701018.0,33.0,23.079117389,92.332288967,596.508270284,786.22743251,69.9087754329,79.8466302094,0.330798227851,0.307309805956,103.093798556,85.6936762143,39089.6608099,4515,FAR,EX-50A,0
701022.0,28.0,24.8977091667,94.6889221586,599.460183502,929.464684301,69.881974264,79.9648230705,0.32596462034,0.308994394596,103.87761033,86.8662472791,47954.52997,5666,ASI,EX-50B,0
701031.0,27.0,25.3934415417,95.8813793422,602.231983888,883.706714143,69.835163071,79.5956441542,0.33326733804,0.311621025479,103.225687991,85.4438123961,47082.4383365,3083,SLA,EX-50B,0
701035.0,27.0,22.7618453693,91.6926041462,594.804052281,790.71704483,69.9419863289,79.6672084425,0.331252334358,0.305367683026,103.287693764,85.6315271528,39425.8774759,4362,FAR,EX-50A,0
701036.0,59.0,24.9797746128,95.0637436219,600.443210352,965.385189692,70.0929819139,79.9950316224,0.330983532832,0.306538418134,108.472733349,88.8392803299,50060.1959863,4308,ASI,EX-50B,1
701043.0,58.0,28.2081223338,99.5773295705,605.970189926,861.442387282,70.1728215008,79.8575252325,0.329020237489,0.309614791785,111.214741812,92.5722656492,44580.492103,5782,DME,EX-50A,1
701050.0,21.0,25.251747403,95.5232314861,600.738406735,887.392994749,70.1236672555,80.0126315978,0.330383216068,0.310159035934,102.896477352,85.5181756263,46031.6989487,5771,SLA,EX-50B,0
701059.0,16.0,22.7302024222,91.9661409661,596.902219836,789.85901509,70.0585572939,80.140078315,0.32686480687,0.306077673039,103.308636187,86.1532759562,39266.7669839,5057,FAR,EX-50A,0
701060.0,21.0,28.2028716955,99.257198067,605.712046903,810.340899725,69.7961840973,80.5399476112,0.329352129825,0.306283608315,105.609152377,87.2001006092,41408.8082118,3231,DME,EX-50A,0
701061.0,24.0,25.374588213,95.8331608668,601.545901788,892.750589418,69.9232471531,79.9786451379,0.330517628179,0.306459879042,103.380101675,85.5293369363,46901.8903125,2510,SLA,EX-50B,0
701065.0,26.0,28.2378920472,99.4145242839,605.991732146,806.971109286,70.209750004,80.4152769485,0.329379296271,0.311460149871,105.156737357,87.7139728735,41072.7959428,3810,DME,EX-50A,0
701072.0,29.0,22.8055898071,91.8175265497,595.673053558,799.417853756,69.8416504494,80.2506735874,0.332017808525,0.306914950147,103.623287013,86.8868269926,39397.522467,5580,FAR,EX-50A,0
701087.0,31.0,25.0216156589,95.1391343337,601.103145057,940.289486386,70.0439797334,80.123142866,0.333852723218,0.306959017945,103.908117516,86.6998393108,47884.8086529,5659,ASI,EX-50B,0
701091.0,72.0,27.9480686532,98.9963909769,604.955487225,873.320877462,69.9425953693,80.4193531482,0.331192840236,0.310066116146,110.629128145,91.5116917318,44199.8953465,4637,DME,EX-50A,1
701092.0,22.0,28.0626063706,99.5260577113,606.009975345,806.671384587,69.943706767,80.0842876659,0.330116805591,0.3066503697,105.045051246,87.7066633921,40728.7409984,3530,DME,EX-50A,0
701095.0,65.0,27.9206773085,99.2977306049,606.190070005,857.966832411,69.9980877267,79.7246073387,0.328950591654,0.310039899908,109.671718162,91.1940657035,43648.6278572,4514,DME,EX-50A,1
701098.0,66.0,27.6018317887,98.5328204887,605.981935797,874.516939973,69.8318176327,80.2643787777,0.328381676692,0.304117379966,111.371243668,92.5656354637,44691.1175776,4636,DME,EX-50A,1
701103.0,74.0,28.3348916455,99.6409826498,607.12208363,874.015549509,69.9355974824,80.2865389015,0.335834982863,0.307880299386,110.519037793,91.4349649294,44232.1947336,4956,DME,EX-50A,1
701104.0,26.0,26.1097256909,96.7478573998,603.544924975,884.881481479,69.997494251,80.1759396043,0.330007140733,0.307866577232,103.110952208,85.7812498006,46519.9264819,2295,SLA,EX-50B,0
701112.0,37.0,22.6707262408,91.8409298945,596.195228295,814.169517103,70.0700730691,80.0219572798,0.326712293706,0.304880556334,104.666708602,87.5059547853,44726.887944,4738,ACC,EX-50B,0
701118.0,32.0,22.9661887208,92.1181777492,594.600575385,793.7614402,70.2764643176,79.9516386336,0.333138477462,0.311625911,103.491709698,85.5379488228,39227.223784,4333,FAR,EX-50A,0
701130.0,7.0,25.2895141046,95.6308813167,601.063575324,884.252207435,70.1307688569,79.9581810505,0.326697104764,0.307494174934,103.343187803,85.6364628126,46686.9628097,4586,SLA,EX-50B,0
701137.0,21.0,23.0925659735,92.351040305,596.238699411,794.077460332,70.0508479675,79.8217902986,0.32860360343,0.30928356445,104.742768569,87.1399499499,44700.7371212,3008,ACC,EX-50B,0
701140.0,29.0,22.8780445184,92.0609598626,596.983239456,815.782080792,69.7473007616,79.87975962,0.324240849566,0.307643684423,105.645520581,86.9181125777,45334.0301735,5481,ACC,EX-50B,0
701142.0,33.0,24.6312523196,94.377460889,599.753282012,935.25986914,69.8307140189,79.9650810818,0.326362362339,0.306537804995,103.640735659,86.2805146532,47792.7868215,3764,ASI,EX-50B,0
701147.0,75.0,28.1385259011,99.5764478959,607.040299953,868.861521482,70.2129330113,79.8220936608,0.327650643128,0.30410659381,110.325402923,91.6744461288,44102.3467706,4461,DME,EX-50A,1
701148.0,30.0,22.8810777179,91.9829700454,597.294779451,802.822438793,69.9370834763,79.4995638297,0.325746375086,0.311756580869,104.616100307,87.2941108138,44963.7425633,5428,ACC,EX-50B,0
701156.0,26.0,25.0778279571,95.1253029998,601.367985972,883.218378293,70.0198809978,80.0906301251,0.332279761938,0.311776224434,103.29366548,85.8149621296,47118.8256878,4351,SLA,EX-50B,0
701165.0,43.0,24.6810371311,94.4280662282,600.827675577,940.871600246,69.9965134512,79.8411385176,0.325378218451,0.309943853344,104.412232533,86.777980071,48059.7402342,5454,ASI,EX-50B,0
701174.0,36.0,22.2559939871,91.2156928091,595.392744736,788.981772035,70.1261980102,80.6088712627,0.328293955519,0.312449199925,103.06496832,85.6080078191,39196.0878234,3576,FAR,EX-50A,0
701176.0,22.0,22.5098723598,91.5421735855,595.114163709,823.096215988,70.0662951418,79.926715647,0.331202854207,0.307278240274,105.053959941,86.0027635136,45197.9771377,3479,ACC,EX-50B,0
701183.0,58.0,27.4304974449,98.3558411014,605.334910294,858.472869846,70.0797602037,79.8470252071,0.331644661099,0.312140400199,110.665935061,91.6044854079,44411.9179668,4889,DME,EX-50A,1
701184.0,22.0,22.8696238278,91.9321052066,594.479522852,793.928084649,70.1954116696,79.4743093595,0.327688114539,0.307892381222,103.17968354,85.5134684456,38753.231293,4344,FAR,EX-50A,0
701185.0,26.0,25.1729407728,95.2390597385,599.643440833,948.719347377,70.0447308221,80.0990283763,0.330009724712,0.312175705913,105.207938405,86.3730602362,48384.2022132,4214,ASI,EX-50B,0
701190.0,19.0,22.8296502452,91.8892260588,595.672215225,815.407811626,69.8612374244,80.0182366263,0.329917894388,0.307688072742,104.821021203,87.5147022966,44880.2949029,4048,ACC,EX-50B,0
701201.0,34.0,24.726503332,94.6368163801,600.147785047,921.632427235,70.0042841762,80.1817928703,0.330277975823,0.311195211222,103.999437287,86.400132511,48001.6164752,5246,ASI,EX-50B,0
701202.0,23.0,23.4145463352,92.9628352195,597.441848615,816.252138478,69.8963850705,79.9394122549,0.330094107287,0.311901197352,104.666163856,86.9535288611,44521.6044831,5296,ACC,EX-50B,0
701203.0,18.0,24.9280103494,95.3887932598,601.558960139,882.845451181,70.3969749348,79.717283559,0.328609693369,0.311194162141,103.121387548,85.915819396,46473.1583301,4054,SLA,EX-50B,0
701206.0,18.0,25.2977883082,96.039697904,604.083764508,881.355843323,70.1843889442,79.8248727874,0.328310315609,0.313278938889,103.113403757,85.4101343955,46770.7096461,2775,SLA,EX-50B,0
701219.0,18.0,22.5739463553,91.8755710695,595.21657063,796.983640375,70.1256573621,80.0377022797,0.324217357996,0.30924751138,103.373040493,85.6499394227,39092.0998142,5172,FAR,EX-50A,0
701227.0,23.0,25.3432562153,95.6367089363,600.486528477,894.916845789,70.0277812414,79.7821365519,0.330892117309,0.309111555645,103.438279665,86.0349832308,46579.902576,2779,SLA,EX-50B,0
701229.0,17.0,28.387431699,99.5766393954,606.315782033,812.819220322,69.7442165708,80.0685964683,0.326921766401,0.307686134338,105.186016646,87.3304661914,41073.3438935,4744,DME,EX-50A,0
701236.0,12.0,22.9547076565,92.0997376887,595.971604256,822.850817671,70.1237963994,79.8921229803,0.330905725824,0.308691418001,105.885075478,87.8349562312,45665.3479177,5254,ACC,EX-50B,0
701240.0,13.0,24.8345260081,94.6696406162,598.669712111,890.513790045,70.0031135333,79.9460092103,0.329471904572,0.310119996714,103.211699103,85.6159172561,46760.3456517,5561,SLA,EX-50B,0
701242.0,20.0,23.2874524837,92.638423508,596.967564947,794.589492849,70.1085906138,80.4388225531,0.32722868916,0.306466311779,103.261929428,85.8837529207,39116.3517438,5311,FAR,EX-50A,0
701252.0,16.0,25.3905529259,95.4482855178,600.294067322,942.701279784,69.8906077551,79.9239507118,0.329111923062,0.308349537768,104.401682546,86.2082059664,48180.0567816,3904,ASI,EX-50B,0
701255.0,22.0,22.9970638733,92.1858716738,596.474178323,807.992802421,69.8736857181,79.7842547816,0.321249888225,0.312250173136,104.789417709,87.6263951624,44741.1324585,5706,ACC,EX-50B,0
701265.0,64.0,24.6710698708,94.6006990775,599.497347989,975.465085719,69.9225649848,79.9825694658,0.328826961446,0.309581014737,107.95585042,89.4954751668,49671.2678066,6030,ASI,EX-50B,1
701269.0,73.0,25.0535589892,95.040255783,600.527520949,951.093738616,69.7767790342,80.3447797992,0.327238319435,0.30983919929,107.982063113,89.1372282449,50122.3719308,4445,ASI,EX-50B,1
701279.0,73.0,27.6858480706,98.9441558425,605.35847851,870.106309986,70.180235968,79.9593097068,0.331217638868,0.308744180433,110.262617018,90.8138187959,43865.4060961,6380,DME,EX-50A,1
701285.0,17.0,23.0092683652,92.2817775247,596.61155361,792.853509141,69.9889433552,79.6819502066,0.326082972475,0.308249308472,102.825536159,85.7240537082,38907.5751707,5677,FAR,EX-50A,0
701288.0,77.0,24.9596970368,94.9673771134,599.588964649,956.594396769,70.1190571098,79.960552431,0.326470150317,0.307886440384,107.976502042,90.142272091,49853.5205749,5477,ASI,EX-50B,1
701290.0,63.0,27.8797425356,99.1020717449,606.217267706,862.605332464,69.9656517277,79.7818112867,0.329885266866,0.30628368549,109.879903666,91.7936952693,43973.1524814,4531,DME,EX-50A,1
701295.0,36.0,24.7836297194,94.7737672884,600.810985793,897.764974505,69.8836687206,80.2234151721,0.328416321416,0.307950000946,103.256192974,85.4888282289,46659.0265692,4990,SLA,EX-50B,0
701300.0,31.0,24.9332959267,95.4489628441,601.121938316,901.179646148,70.3520579211,79.839961295,0.325098444046,0.307732363569,103.282252622,85.3943753869,46447.8273553,4566,SLA,EX-50B,0
701322.0,18.0,25.2843373342,95.7152898815,602.623717799,903.078484293,70.0259205174,80.1242627753,0.330114645938,0.302750039386,103.146917976,85.8313287172,46681.8964298,5217,SLA,EX-50B,0
701323.0,37.0,23.0559705792,92.5334493702,598.697247146,787.786702048,70.3915206298,80.1245138336,0.326913625352,0.307369229308,103.511699439,85.8033817193,39381.3566976,2916,FAR,EX-50A,0
701325.0,24.0,22.9230282624,92.0278843583,595.697776992,811.255078177,69.8890591058,80.1346901031,0.32737521191,0.306383661682,105.089846966,87.0226386349,45436.5556653,5688,ACC,EX-50B,0
701331.0,34.0,22.675555402,91.7609364642,596.375884912,781.248868649,69.8025760804,80.0845221869,0.330373306036,0.307854610446,102.884361176,86.1600415879,38594.8119104,4017,FAR,EX-50A,0
701335.0,46.0,23.2165980505,92.4673519542,597.299186606,803.533886127,69.6971321011,80.271367702,0.325484339436,0.305756913582,104.864655863,86.6790683424,44874.1023093,4598,ACC,EX-50B,0
701337.0,30.0,24.8909756903,94.6453551148,599.284913519,930.937706189,69.7824080867,79.66383949,0.326142983726,0.308212885414,104.240738001,86.0264726427,47914.5104824,4026,ASI,EX-50B,0
701340.0,61.0,27.9225293352,99.1168558016,605.331462521,849.167715306,69.830963442,79.9563704993,0.332615085931,0.309034970937,109.85095856,91.7324969385,43889.523041,4784,DME,EX-50A,1
701341.0,25.0,23.2394963163,92.7104352133,596.142911002,790.642343948,69.8749723319,80.573687608,0.327673452288,0.306538588565,103.510118588,85.7245284787,39332.4468817,4477,FAR,EX-50A,0
701343.0,26.0,23.0413644062,92.2423476777,595.37387873,793.126452938,70.2465862979,80.0844036436,0.326691792111,0.306656569356,103.82351436,85.3985932476,39453.9774191,4457,FAR,EX-50A,0
701358.0,18.0,22.6197318086,91.5166990362,594.541914754,819.831497665,69.9213578789,79.8054711796,0.330851618293,0.306615519654,104.976449247,86.7035602761,44685.1722592,5336,ACC,EX-50B,0
701359.0,51.0,27.6944142705,98.7099504832,604.755796001,856.22993028,69.9602311019,80.0135630485,0.333133513207,0.308348304021,111.160069857,91.4852821094,44615.927813,3863,DME,EX-50A,1
701360.0,28.0,22.5045212839,91.5827919116,595.458289308,815.748224945,70.0961608339,79.7671689615,0.326417193486,0.306115168657,105.138821085,87.0009566773,45153.5474971,3734,ACC,EX-50B,0
701365.0,25.0,25.3638206257,95.585163957,601.131800451,884.997974226,70.1560863147,79.6980683215,0.325034980595,0.308065240715,102.891779611,85.5584791207,46130.0079513,3809,SLA,EX-50B,0
701367.0,75.0,28.2896961233,99.5147734784,606.776066382,848.905489152,69.6864971129,79.7555759471,0.324647992698,0.309186998766,108.887364528,90.8709638914,43511.9711265,5229,DME,EX-50A,1
701373.0,18.0,23.5471076846,93.1023332026,598.051441871,795.982955464,70.059279786,80.1596468991,0.32943528293,0.30852897362,104.068092653,85.6119490072,40172.2934,3437,FAR,EX-50A,0
701378.0,33.0,22.9150858523,91.9850714107,594.391794569,783.351017652,70.180817345,80.1158925425,0.327903504546,0.307590878423,103.004807401,86.0096579993,39055.2049766,4226,FAR,EX-50A,0
701383.0,29.0,23.1788282362,92.4159780247,597.256789053,802.080009273,69.917795849,79.9527219739,0.326430562755,0.307652137714,103.978437619,85.7361349972,39708.8595217,4457,FAR,EX-50A,0
701389.0,31.0,22.8654525883,92.0866268313,596.062936398,784.24642756,70.1456284832,79.8998375957,0.331398038887,0.309437244146,103.127571202,86.2009435919,39124.4601802,4698,FAR,EX-50A,0
701390.0,27.0,22.9485591237,92.2264237054,594.187713202,806.847328398,70.3988593664,80.1609796298,0.327666912272,0.306825539921,104.518876145,86.6549650758,44895.0094133,4068,ACC,EX-50B,0
701392.0,64.0,24.7721403396,95.0356143759,600.066081409,932.269475763,70.2262138552,80.0376803984,0.328730098238,0.309482642737,108.157317472,89.3342313684,50052.8283324,5401,ASI,EX-50B,1
701395.0,31.0,24.6748856469,94.5997198632,599.883623658,887.487934977,69.8158881495,79.9576506068,0.326275416133,0.309433352074,103.190047094,85.476174326,46528.8690751,4955,SLA,EX-50B,0
701407.0,29.0,23.0339905426,92.294598592,596.423504353,803.927079026,70.0889073034,79.7815444151,0.323782781938,0.31394862703,104.817710071,86.9275346657,44891.2540836,4321,ACC,EX-50B,0
701413.0,24.0,22.8134414887,92.0463205272,596.488823599,820.746398214,70.0221124157,79.9663524721,0.329418659343,0.304453730698,105.664339268,86.9031265911,45811.3537509,2583,ACC,EX-50B,0
701414.0,67.0,28.2785148207,99.813064619,606.593325584,861.674514233,69.7899048252,79.9952494597,0.328229451492,0.308756588795,110.695544776,91.291106925,44606.1307815,4720,DME,EX-50A,1
701416.0,32.0,27.9480431702,99.2941866307,608.202451447,807.416463584,70.0678815308,79.7665051826,0.329581444475,0.306212189882,104.808127297,87.206317644,40724.2719132,5651,DME,EX-50A,0
701420.0,35.0,25.3939550546,95.5819828811,612.011878195,800.297989766,69.8618988551,80.2410163759,0.336731765217,0.300556792045,103.73707334,86.0410889338,39558.458895,480,FAR,EX-50A,0
701422.0,64.0,24.9030985765,94.8194556233,600.442998452,959.869416889,69.9312895172,80.1263518791,0.325108958629,0.307197459933,109.167336403,90.3224135114,50618.7979494,4160,ASI,EX-50B,1
701428.0,20.0,22.8981051747,92.3294588185,597.032060404,809.758266951,70.2000366328,80.0600576638,0.32908223677,0.305836394934,104.796486139,87.7056074058,45129.5248479,5320,ACC,EX-50B,0
701431.0,74.0,25.3157722429,95.4240114102,601.856920894,969.878928331,69.675102009,79.7867739379,0.32600015683,0.308390161932,108.421695719,89.811844932,50067.0401715,4868,ASI,EX-50B,1
701432.0,24.0,22.6390784136,91.6546169154,595.062454767,798.438690576,70.0104809649,79.9614837949,0.327438102523,0.304575444073,103.255601461,86.0385963967,38858.0807577,3351,FAR,EX-50A,0
701434.0,32.0,23.1666660617,92.1585444603,595.353142557,816.98165228,69.6654752896,79.96534451,0.331901780232,0.308230123275,104.937011931,87.7616409368,45053.9513078,3201,ACC,EX-50B,0
701438.0,9.0,23.2743134591,92.5578398653,597.556740211,803.112551112,70.0326142693,79.986181822,0.329638255735,0.308633617925,103.325666136,85.1756022403,39262.4918673,4861,FAR,EX-50A,0
701442.0,38.0,28.3338829932,99.9078839488,608.452465464,801.940366339,70.1582549785,79.7182871443,0.327992866575,0.31075066767,105.344283959,87.2793062312,41274.3230623,3405,DME,EX-50A,0
701447.0,25.0,22.8372751597,92.028413356,596.303409584,805.767184694,70.0874421688,80.4243441631,0.328119456335,0.307079529561,104.978593327,87.3358061478,45115.3719788,5531,ACC,EX-50B,0
701452.0,30.0,23.1932256731,92.4597347186,597.380291378,813.242955508,69.8598733023,80.0196974108,0.327273645646,0.309260973365,104.82417605,87.4164983877,44957.1215281,5934,ACC,EX-50B,0
701458.0,26.0,25.0987701484,94.9912491217,601.327902093,898.928108197,69.7015200168,80.0620038414,0.325371114801,0.308040072846,103.40212682,85.7299465752,46540.2141348,4413,SLA,EX-50B,0
701473.0,34.0,22.9441795253,92.0609798782,596.719801001,814.190209177,69.8928836342,79.7964050977,0.327200089524,0.306200867644,105.373827061,88.3008871342,45003.4194861,5741,ACC,EX-50B,0
701477.0,60.0,27.7423587966,98.9288433007,605.528010178,860.847591446,70.2098251132,79.8597315647,0.329844062942,0.310520955496,109.710385821,91.4826140169,43815.5580057,5062,DME,EX-50A,1
701486.0,55.0,28.0493957718,99.3085418595,607.205178531,863.423187286,69.7630882431,79.6415292832,0.326983571144,0.307651780592,110.466819599,92.1200273383,44035.2578517,4401,DME,EX-50A,1
701501.0,21.0,25.1316451526,94.9527944502,598.85825287,894.980810247,69.8488490037,80.4218086496,0.330061985518,0.309372725343,103.00368076,85.6396768172,46061.9253062,4459,SLA,EX-50B,0
701512.0,60.0,25.0600468214,95.4381247723,599.448504191,969.516620992,70.103955966,79.8633960852,0.326384935983,0.31089682284,108.919516817,90.1277228361,50445.7276395,4353,ASI,EX-50B,1
701515.0,29.0,25.0845883789,95.2079201089,600.754497574,931.521133079,69.965897266,80.1705765719,0.327744942877,0.308535747,103.878321259,86.1925966834,47708.9735344,5734,ASI,EX-50B,0
701518.0,20.0,23.258489201,92.8415547575,597.257295107,814.810853597,70.1347399886,79.6644486818,0.329916064025,0.310332873929,105.476436623,87.0086979498,45323.8982378,5757,ACC,EX-50B,0
701520.0,33.0,22.963459829,92.1521985285,596.408427348,813.095886928,70.0233567888,80.0699973485,0.331576397134,0.309069471465,104.835503362,87.4105801937,44805.6928131,4297,ACC,EX-50B,0
701522.0,25.0,24.3620078159,93.9195122604,597.044930044,894.837040674,70.0744400514,79.9946319894,0.327019621717,0.30765384122,103.278438852,85.5702522819,46969.9434561,3489,SLA,EX-50B,0
701537.0,44.0,22.8905509641,92.0840904321,595.979218602,807.075952362,69.8565179497,79.7528877844,0.322809123086,0.309103039565,104.586966475,86.9445587721,44770.6785932,4741,ACC,EX-50B,0
701552.0,25.0,25.4454162681,95.6512381945,601.03895332,884.293511378,69.9464702509,79.8512501289,0.327444213996,0.308164383098,103.033339565,85.3697139057,45989.0595742,4781,SLA,EX-50B,0
701555.0,19.0,22.4767112055,91.2536355687,593.484970216,813.935104569,69.9553033614,80.2225073619,0.321130001302,0.31232754009,105.24027765,87.2457724363,45173.0906148,4776,ACC,EX-50B,0
701561.0,27.0,23.5257427091,93.023514096,598.319157355,792.296626219,69.9101961267,80.1008493517,0.332591951927,0.309448934422,103.452511516,85.7306893692,39301.7280342,3732,FAR,EX-50A,0
701564.0,28.0,24.6700740553,94.5049889156,599.219469831,944.983844791,69.9875835156,79.6612649643,0.33506042029,0.308124270311,104.299667915,86.1860479823,48055.0528637,3493,ASI,EX-50B,0
701568.0,57.0,24.9404020656,94.7199099669,599.660560558,966.387000083,69.7215929012,79.7581902067,0.328068066767,0.305845748749,107.919179674,89.5722384836,49714.4629595,5756,ASI,EX-50B,1
701570.0,18.0,23.0650755024,92.642927779,597.418360471,785.608888516,70.4455673022,79.4376698579,0.332394873632,0.308314182237,103.16122175,85.7512057068,38961.8679773,4125,FAR,EX-50A,0
701575.0,16.0,23.1929084997,92.4461323908,595.378649413,794.872269158,70.0265541039,79.9308740476,0.324237872968,0.309531361839,103.39649122,85.9223048804,39406.8742354,4713,FAR,EX-50A,0
701588.0,22.0,24.7803583703,94.6971067961,598.856719869,909.631965862,69.9589184787,80.3161236021,0.330503104725,0.306180406693,103.217195169,86.9841636203,47605.2079967,3188,ASI,EX-50B,0
701589.0,58.0,28.082331975,99.3802181567,605.570179109,859.176861641,70.3039700176,79.967394697,0.327058452252,0.311023636757,110.841247903,91.7656178969,44490.9332945,5976,DME,EX-50A,1
701596.0,14.0,22.7296258278,91.7447365814,596.201192067,822.257344489,69.9746587116,79.8856737503,0.327192177973,0.306863115337,105.540066002,87.5557931781,45369.0586377,5982,ACC,EX-50B,0
701598.0,63.0,27.7838246154,98.8124264162,604.628152603,864.843276875,70.0932743588,79.7890442115,0.325819661294,0.307847632756,110.503800648,91.7732461114,44457.5530561,4563,DME,EX-50A,1
701607.0,24.0,23.7210239078,93.2068566822,598.351330647,825.866443749,69.721141344,79.8734838815,0.324970389744,0.309178721643,105.310129972,87.3672222916,45281.2019578,2559,ACC,EX-50B,0
701612.0,24.0,23.0062770363,92.1807595884,595.245660827,801.857498888,70.1623974473,80.1758482783,0.328598060728,0.308969551068,104.698819508,87.074162322,44706.6599869,5370,ACC,EX-50B,0
701613.0,69.0,27.7274192933,98.5913170867,603.505937617,856.191178816,70.0972408282,79.7209870819,0.328066592426,0.306086017079,110.633051215,91.1921017721,44260.4587654,5493,DME,EX-50A,1
701620.0,23.0,23.1761412483,92.1407098221,595.09887255,816.983218597,69.8126107919,80.3243015735,0.32655670042,0.308136299538,105.091665008,87.0790200978,45115.9457653,4654,ACC,EX-50B,0
701625.0,24.0,24.955307056,94.9395017372,599.74372358,891.350651226,69.9559856,80.1004791951,0.321010703813,0.309409295452,102.868850166,85.6136155566,45739.465672,4256,SLA,EX-50B,0
701636.0,21.0,23.2672464977,92.7163210665,597.27426597,812.994899868,70.1022903409,79.974623175,0.328056448349,0.309019549312,105.478778926,87.4834937101,45369.3132569,5179,ACC,EX-50B,0
701652.0,13.0,23.2154200513,92.6308353041,595.778119031,789.591148101,70.0055102314,79.9674966827,0.328483916189,0.310836293536,103.154197027,86.0465467413,39060.1583287,4545,FAR,EX-50A,0
701657.0,21.0,27.2440038075,98.1394264082,604.779343531,809.628046232,70.0470185355,80.2808813946,0.327353681186,0.307878345626,105.735236228,87.7316223323,41302.9406806,3579,DME,EX-50A,0
701660.0,19.0,27.8006337749,99.0110007197,605.47542048,807.538418678,69.9180223577,79.9990090635,0.323819639646,0.305756289801,104.391907262,86.6750782959,40773.3248325,4064,DME,EX-50A,0
701663.0,13.0,22.824633125,92.3504784538,597.354947577,815.090997943,70.0689901851,80.2723936916,0.32826435241,0.307543584367,104.943188781,86.8814182539,45097.1901439,2709,ACC,EX-50B,0
701668.0,17.0,28.5077483984,99.7630863372,606.849728326,800.586962286,69.78675795,79.8342927833,0.331092210861,0.303759560512,105.685324153,87.9281920861,41429.8156314,3281,DME,EX-50A,0
701677.0,30.0,22.7423934242,91.7637263353,596.186089903,799.740224328,69.6882191665,79.8722995368,0.327819676997,0.306081523994,104.853793173,86.9925159693,45234.368908,5433,ACC,EX-50B,0
701686.0,16.0,24.9348016904,95.0093834592,600.695908831,931.248510237,69.9992550643,80.1436244313,0.328507419865,0.308667633618,104.04309508,86.5183752717,47990.3303478,5345,ASI,EX-50B,0
701698.0,68.0,25.1054890237,94.9953562218,599.759874959,945.352625907,69.9070675126,80.0193992517,0.326060472998,0.308614077243,107.442265998,90.3734295785,49411.7475812,6046,ASI,EX-50B,1
701704.0,22.0,24.9751121191,95.0220524397,600.541134225,882.405718305,70.0526704856,79.9657154615,0.331385311393,0.310109626357,103.109915521,85.426075265,46499.8862369,4312,SLA,EX-50B,0
701708.0,70.0,28.0552924554,99.3400222169,606.458473234,859.253757663,69.9753493587,79.6145306924,0.326052061047,0.31023329824,110.419523056,91.1216692607,44417.615299,4572,DME,EX-50A,1
701709.0,58.0,24.622680021,94.6074055744,599.981466781,960.200730289,70.1624639241,80.1073407173,0.325481800108,0.308000386374,107.544167319,89.1713409183,49389.7227209,4700,ASI,EX-50B,1
701714.0,26.0,28.2596252611,99.7080517335,607.434406744,808.484282264,70.0885825998,80.5835219473,0.323529633956,0.306027749801,105.388660597,87.6331079822,40976.8581423,3790,DME,EX-50A,0
701722.0,27.0,23.4771837759,92.9437239584,597.9032304,828.00152625,70.1193715697,80.2605007089,0.33212486787,0.304263280432,106.259358738,87.4285552194,45646.427251,2438,ACC,EX-50B,0
701731.0,8.0,25.033555769,95.2313873101,601.132631584,893.776748276,69.9207962523,79.6311794452,0.324943208548,0.308389583394,102.984157345,85.2545798296,46076.2375365,4023,SLA,EX-50B,0
701736.0,25.0,22.9108914456,92.0736637042,596.932702913,823.943235791,69.8802507173,80.0207178683,0.330697032289,0.306221556674,105.363590524,87.6523947934,45419.4193933,3876,ACC,EX-50B,0
701738.0,17.0,23.1012885346,92.4691946514,598.17161178,818.964133001,69.8475656732,79.9631909187,0.327673890734,0.307090512029,104.896540622,87.4711677348,44906.9830738,4102,ACC,EX-50B,0
701742.0,23.0,24.6359567446,94.3743575762,599.74025177,889.2806025,69.7658608617,80.0078976399,0.326905917807,0.307392586048,102.841568263,85.6833846121,45949.2864423,3970,SLA,EX-50B,0
701754.0,59.0,24.8921540173,94.9783813771,600.441474596,951.300780865,70.2872899981,80.0751816758,0.328253797568,0.3085072395,107.767123429,89.4408880518,49876.0010876,4180,ASI,EX-50B,1
701761.0,69.0,25.2528272366,95.8609690874,602.776349137,957.182189257,70.0394775311,80.1076646837,0.326591006468,0.305353283448,107.947126316,89.9865897528,49942.5804865,4444,ASI,EX-50B,1
701766.0,63.0,27.7043931079,98.9702180664,604.965395132,869.617274211,70.2294065884,80.4021512386,0.329084614717,0.308062276383,110.934047993,91.8556507732,44656.1468462,4915,DME,EX-50A,1
701773.0,21.0,24.8085586026,94.6141207626,599.572350453,899.524178302,69.7699366684,79.4628770332,0.330452371394,0.313242884064,102.976415505,85.2738720166,46018.5492766,4767,SLA,EX-50B,0
701780.0,30.0,25.0357313833,95.0292929693,599.354562569,929.76274566,69.9472453406,79.945281259,0.325481579112,0.308350058478,103.757961954,86.233803832,47821.3475938,4416,ASI,EX-50B,0
701791.0,23.0,22.8902620201,92.0343379587,595.451049955,817.291946561,70.0134234986,79.865519029,0.323188725881,0.307612021392,105.567598964,87.1969343207,45386.2024868,5068,ACC,EX-50B,0
701793.0,20.0,24.9979262423,95.0982238833,600.698423201,944.279562529,69.7939885254,80.4481583564,0.326965564911,0.304999867315,104.640669115,86.7507495359,48202.8719106,2651,ASI,EX-50B,0
701794.0,32.0,23.4523413398,93.1862186896,597.939166756,791.418521207,70.4446413318,80.2344723913,0.327544332239,0.310293228705,103.368785751,86.2236627788,39298.0375689,5045,FAR,EX-50A,0
701797.0,40.0,25.1882528484,95.327298411,601.342345567,881.614211699,70.0614982895,79.6850081205,0.327958939106,0.309879820867,102.662882944,85.044397764,45660.6975663,4701,SLA,EX-50B,0
701800.0,70.0,25.5864629144,96.1820939286,602.518014478,946.022475435,70.0052364582,79.961154627,0.327141179847,0.310008256685,108.002351771,89.860848768,49669.9333257,4755,ASI,EX-50B,1
701804.0,23.0,23.2625952556,92.6177150156,596.360052689,815.812597815,70.030251059,80.2697417477,0.32612161005,0.304401735822,105.043151545,87.7262319352,44885.2803777,5348,ACC,EX-50B,0
701809.0,21.0,24.8695396851,95.0326071937,601.4802879,930.39974878,70.1327769491,80.1954384753,0.325554902637,0.306799506772,103.818015111,84.923570388,47827.9061914,3075,ASI,EX-50B,0
701810.0,58.0,25.1855170844,95.2364741477,601.154165473,948.126171192,69.8886773318,80.1392704564,0.330024624549,0.309633392683,108.125363776,89.1777669764,50002.6999134,4724,ASI,EX-50B,1
701812.0,17.0,28.1542537582,99.6624079504,607.102530042,815.540874743,69.9723484739,79.8022790592,0.324828375127,0.306009324001,105.265689999,87.0706809573,41233.3878508,4104,DME,EX-50A,0
701815.0,33.0,23.3918811893,93.0880586704,597.556257334,789.726140491,70.1778347524,79.8805835088,0.329255719249,0.306258539266,103.550438619,86.1711841537,39241.0039971,4714,FAR,EX-50A,0
701817.0,33.0,22.9964787058,92.0184126978,595.87147457,810.166543816,69.7970097953,79.9972488089,0.329368313035,0.310162745603,105.360848157,87.3018264075,45279.5515772,5745,ACC,EX-50B,0
701821.0,51.0,24.9507152325,94.8400239117,600.431466961,954.751215123,69.8526045289,80.0106649337,0.334974312913,0.306383202139,108.70250665,89.8764037146,50602.7926585,4299,ASI,EX-50B,1
701822.0,14.0,22.6952082312,91.7524616195,594.844845796,806.12441009,70.120942056,79.9020688017,0.328365446389,0.310037866334,104.69344263,87.205119343,44782.0162762,5502,ACC,EX-50B,0
701830.0,34.0,22.9147330183,92.0042003056,596.826321406,814.392715243,70.0308085125,79.7713453691,0.325019923661,0.307484105071,105.185484991,87.3042478934,45346.7611731,5456,ACC,EX-50B,0
701836.0,28.0,22.6465158732,91.7796276671,594.649346798,802.414937737,70.2907944712,79.901884916,0.324836649271,0.306527257369,105.287520137,86.8272813573,45457.2692381,5261,ACC,EX-50B,0
701841.0,22.0,24.8747600658,94.9318109957,602.009390103,886.52497091,69.9657761916,79.9391514799,0.323890010836,0.300354150099,103.291352264,84.9544097233,47013.388351,3382,SLA,EX-50B,0
701843.0,35.0,28.1360404459,99.1721038661,604.385179692,819.446629812,70.0933067872,79.820823343,0.323856694804,0.306868985991,105.283835971,87.2362751614,41272.4056817,2750,DME,EX-50A,0
701849.0,29.0,24.7381089206,94.4274885697,598.147093536,883.351960585,70.2190323177,80.0295084883,0.331319915442,0.312440117191,103.197114591,85.3808809314,46577.3958984,5469,SLA,EX-50B,0
701852.0,27.0,27.981598931,99.2777630192,606.509305657,807.266222525,69.8610495687,79.7248132788,0.330431832685,0.308597341203,105.244261424,87.2725762706,41012.2493511,4846,DME,EX-50A,0
701856.0,13.0,25.0802499113,95.2734818948,600.127957923,940.811545936,70.2347338771,80.0476814606,0.326216346441,0.303018917213,104.686457557,86.8985479124,48325.4860813,3784,ASI,EX-50B,0
701859.0,15.0,25.3450672335,95.460729211,599.775777202,921.367513226,70.0355777279,79.7540243616,0.331581148363,0.308027075399,103.640347581,86.129691771,47802.5364694,4067,ASI,EX-50B,0
701862.0,25.0,27.6482885877,98.9043162184,605.754140395,815.205610549,69.9510312597,80.0727331717,0.328590241638,0.307200828569,105.276022456,86.4136071245,41062.4019351,5170,DME,EX-50A,0
701863.0,34.0,23.5682501337,92.8367359858,596.692803511,804.642422248,69.7860316988,80.6402187165,0.330891925961,0.310281018668,104.123405376,87.1883690249,44324.9704487,3332,ACC,EX-50B,0
701868.0,35.0,25.1099390352,95.1898981542,599.448741267,885.048199986,70.1532207459,79.7609355825,0.329398751484,0.306704416953,103.118503444,85.2968497447,46436.1531425,5428,SLA,EX-50B,0
701871.0,21.0,25.0507007267,95.0529446931,601.072503914,887.793536245,69.8566831885,79.8890561957,0.324890146403,0.308710027875,103.53058449,85.4321216927,47259.2546739,5474,SLA,EX-50B,0
701873.0,20.0,24.9721098794,94.8161791106,599.228312661,937.83527669,69.9367812271,80.2279684532,0.327321053836,0.306509922388,104.784008423,86.7441006808,48301.9042987,2920,ASI,EX-50B,0
701874.0,65.0,24.8428726449,94.434775538,598.380940862,945.800219907,69.6386095468,79.9791161037,0.327567559103,0.308478704829,108.393461444,89.5169802906,50150.7943982,4240,ASI,EX-50B,1
701879.0,20.0,24.7937047215,94.6575388121,599.637608577,888.955286498,69.8826634142,80.3857853786,0.325369389479,0.309720254734,102.917024352,85.5441209874,45648.9729633,5361,SLA,EX-50B,0
701884.0,63.0,28.2646097271,99.8336341319,607.652763792,873.603007477,70.0018813707,79.9904335659,0.320720288286,0.310586531235,110.776144281,91.0779006934,44409.7793776,4023,DME,EX-50A,1
701887.0,17.0,24.8003022529,94.7919073798,600.244262229,896.589261463,69.9768134612,79.5666272129,0.329741036233,0.310887484778,103.28442985,85.5262258043,46615.4741917,4953,SLA,EX-50B,0
701900.0,15.0,22.776702651,91.8214186897,595.599233045,826.640803292,69.9477059151,80.1992562461,0.32669027744,0.311762612678,105.281133383,86.4921614856,44995.1784206,4459,ACC,EX-50B,0
701903.0,80.0,28.4334639445,100.077489759,608.881640472,859.779938658,70.0760776064,79.9827470022,0.332530083693,0.308312988087,110.03814454,91.4096759963,43900.8476367,4698,DME,EX-50A,1
701904.0,20.0,25.0897023096,94.9513762296,598.835015668,882.929266572,70.0435860042,80.0715430575,0.332297613273,0.311380337813,103.01272036,85.4380301605,46638.5819866,4564,SLA,EX-50B,0
701913.0,61.0,25.0576622136,95.046085662,599.880786791,963.638750332,69.7522194852,80.1983517045,0.327891161938,0.307400392843,108.813092829,89.3906834436,50249.020215,6032,ASI,EX-50B,1
701924.0,26.0,28.291030419,99.5642558593,605.6303802,821.910726355,70.1773758815,79.6931871994,0.330131378392,0.306063869638,105.913826498,86.9389113544,41135.4589469,2304,DME,EX-50A,0
701925.0,15.0,23.0772073631,92.4507244439,596.476488727,777.487110073,69.9847746321,80.1000439633,0.326221760285,0.310637497846,104.317444043,87.3733339813,44532.3502495,4266,ACC,EX-50B,0
701926.0,19.0,23.0298157321,92.088317196,595.140404759,808.391900213,69.9477818422,80.0009716595,0.325870872243,0.310032410983,105.212743807,86.9171007537,45729.110377,3666,ACC,EX-50B,0
701928.0,24.0,24.7149284682,94.6148078004,598.726724827,935.375047343,70.1419642741,79.7896806301,0.327701986251,0.311494254016,103.953754628,86.4731204453,47946.1947696,4894,ASI,EX-50B,0
701932.0,53.0,25.1680921782,95.4969574598,601.475477752,965.305246348,69.9525021856,79.9687850963,0.329545535513,0.303930527217,108.552199601,90.1358561477,50240.8102023,4999,ASI,EX-50B,1
701939.0,64.0,27.5398596615,98.4816928406,605.792766771,876.663520215,70.0412875025,80.4306792748,0.327803854237,0.305965072507,111.754816467,91.4141323133,44960.835979,3982,DME,EX-50A,1
701943.0,34.0,22.9738175014,92.2460855165,595.769484634,824.021430548,70.3155891473,79.7620638277,0.320235683091,0.30758604184,105.69272894,87.556160843,46114.5704319,3813,ACC,EX-50B,0
701955.0,61.0,28.1485839489,99.4266346436,606.266873321,861.619265076,70.1047916603,79.6649807147,0.330678099956,0.311083470884,110.652587694,92.1833968643,44669.836926,5502,DME,EX-50A,1
701959.0,69.0,24.6378873044,94.7621033084,598.504148488,980.097510311,70.2052270025,80.1236131615,0.325992836158,0.306884173667,109.03490313,89.4474853235,50232.1687822,4872,ASI,EX-50B,1
701961.0,29.0,23.1476395337,92.2776179627,596.133655981,797.419119856,69.9314027239,80.1011644391,0.327694676083,0.308121828193,103.263807757,85.7794082534,38941.4255497,4678,FAR,EX-50A,0
701970.0,26.0,22.733577208,91.8678392869,596.230432251,801.93444088,70.1396809999,80.2297420126,0.334127327027,0.307826736825,104.421183391,87.0767738563,44830.8962104,3835,ACC,EX-50B,0
701976.0,64.0,25.0695507604,94.9815336558,599.63914502,929.733938334,69.9694633985,79.8322175249,0.329115612831,0.309990820359,107.216972336,89.6851125547,49369.9759071,5457,ASI,EX-50B,1
701978.0,34.0,22.8541552724,92.1744421468,597.307404512,818.121117027,70.0642796162,79.8524115712,0.327592292913,0.305788022247,105.220122734,87.2482363911,45199.9757325,3265,ACC,EX-50B,0
701986.0,30.0,23.2697207015,92.6621717731,597.576850615,795.418998998,69.9281856769,80.2362626756,0.328237932752,0.309540558746,103.549113675,85.5234218702,39430.4474601,4514,FAR,EX-50A,0
701992.0,19.0,25.0388168747,95.1778036042,599.979178672,894.370612537,70.2039985718,80.0817952626,0.325693090306,0.305855223322,103.337947292,85.7008879737,47081.4202287,4485,SLA,EX-50B,0
701996.0,22.0,25.3703085238,95.5181646316,600.088543038,933.701125458,70.1657636239,80.0028373132,0.32578393335,0.304680584131,104.017879822,86.1879792991,47955.6791927,3288,ASI,EX-50B,0
